﻿<?xml version="1.0" encoding="utf-8"?>
<?xml-stylesheet type="text/xsl" href="c:\devtools\microsoft visual studio 12.0\team tools\static analysis tools\fxcop\Xml\CodeAnalysisReport.xsl"?>
<FxCopReport Version="12.0">
 <Localized>
  <String Key="Category">Категория</String>
  <String Key="Certainty">Достоверность</String>
  <String Key="CollapseAll">Свернуть все</String>
  <String Key="CheckId">ИД проверки</String>
  <String Key="Error">Ошибка</String>
  <String Key="Errors">ошибки</String>
  <String Key="ExpandAll">Развернуть все</String>
  <String Key="Help">Справка</String>
  <String Key="Line">Строка</String>
  <String Key="Messages">сообщения</String>
  <String Key="LocationNotStoredInPdb">[расположение не сохранено в PDB]</String>
  <String Key="Project">Проект</String>
  <String Key="Resolution">Разрешение</String>
  <String Key="Rule">Правило</String>
  <String Key="RuleFile">Файл правил</String>
  <String Key="RuleDescription">Описание правила</String>
  <String Key="Source">Источник</String>
  <String Key="Status">Состояние</String>
  <String Key="Target">Цель</String>
  <String Key="Warning">Предупреждение</String>
  <String Key="Warnings">предупреждения</String>
  <String Key="ReportTitle">Отчет по анализу кода</String>
 </Localized>
</FxCopReport>
